<?xml version="1.0" encoding="UTF-8" standalone="no"?>
<Coches>
<Coche Id="1">
<marca>Bugatti </marca>
<modelo>Chiron</modelo>
<matricula> i6789w</matricula>
<puertasCoches>4</puertasCoches>
<familiar>false</familiar>
</Coche>
<Coche Id="2">
<marca>BMV</marca>
<modelo>360</modelo>
<matricula> i6789w</matricula>
<puertasCoches>2</puertasCoches>
<familiar>false</familiar>
</Coche>
<Coche Id="3">
<marca>Mercedes </marca>
<modelo>Leon</modelo>
<matricula> 45678g</matricula>
<puertasCoches>4</puertasCoches>
<familiar>false</familiar>
</Coche>
<Coche Id="4">
<marca>Seat</marca>
<modelo>Leon</modelo>
<matricula> i67854w</matricula>
<puertasCoches>4</puertasCoches>
<familiar>false</familiar>
</Coche>
<Coche Id="5">
<marca>Abarth</marca>
<modelo>Spider</modelo>
<matricula> i4342w</matricula>
<puertasCoches>3</puertasCoches>
<familiar>false</familiar>
</Coche>
<Coche Id="6">
<marca>Alfa Romeo </marca>
<modelo>Chiron</modelo>
<matricula> i56789w</matricula>
<puertasCoches>1</puertasCoches>
<familiar>false</familiar>
</Coche>
<Coche Id="7">
<marca>Audi</marca>
<modelo>DB9</modelo>
<matricula> i234567w</matricula>
<puertasCoches>2</puertasCoches>
<familiar>false</familiar>
</Coche>
<Coche Id="8">
<marca>Bentley </marca>
<modelo>Chiron</modelo>
<matricula> i12345w</matricula>
<puertasCoches>7</puertasCoches>
<familiar>false</familiar>
</Coche>
<Coche Id="9">
<marca>Alpine </marca>
<modelo>A110</modelo>
<matricula> 123987</matricula>
<puertasCoches>2</puertasCoches>
<familiar>false</familiar>
</Coche>
<Coche Id="10">
<marca>Bugatti </marca>
<modelo>Chiron</modelo>
<matricula> 90876w</matricula>
<puertasCoches>5</puertasCoches>
<familiar>false</familiar>
</Coche>
</Coches>
