[{"marca":"Bugatti ","modelo":"Chiron","matricula":" i6789w","puertasCoches":4,"familiar":false},{"marca":"BMV","modelo":"360","matricula":" i6789w","puertasCoches":2,"familiar":false},{"marca":"Mercedes ","modelo":"Leon","matricula":" 45678g","puertasCoches":4,"familiar":false},{"marca":"Seat","modelo":"Leon","matricula":" i67854w","puertasCoches":4,"familiar":false},{"marca":"Abarth","modelo":"Spider","matricula":" i4342w","puertasCoches":3,"familiar":false},{"marca":"Alfa Romeo ","modelo":"Chiron","matricula":" i56789w","puertasCoches":1,"familiar":false},{"marca":"Audi","modelo":"DB9","matricula":" i234567w","puertasCoches":2,"familiar":false},{"marca":"Bentley ","modelo":"Chiron","matricula":" i12345w","puertasCoches":7,"familiar":false},{"marca":"Alpine ","modelo":"A110","matricula":" 123987","puertasCoches":2,"familiar":false},{"marca":"Bugatti ","modelo":"Chiron","matricula":" 90876w","puertasCoches":5,"familiar":false}]