<?xml version="1.0" encoding="UTF-8"?>
<project-private xmlns="http://www.netbeans.org/ns/project-private/1">
    <editor-bookmarks xmlns="http://www.netbeans.org/ns/editor-bookmarks/2" lastBookmarkId="0"/>
    <open-files xmlns="http://www.netbeans.org/ns/projectui-open-files/2">
        <group>
            <file>file:/C:/Users/Aimar/Documents/NetBeansProjects/Coches/src/controlador/Query.java</file>
            <file>file:/C:/Users/Aimar/Documents/NetBeansProjects/Coches/src/modelo/KotxeModelo.java</file>
            <file>file:/C:/Users/Aimar/Documents/NetBeansProjects/Coches/src/vista/KotxeVista.java</file>
            <file>file:/C:/Users/Aimar/Documents/NetBeansProjects/Coches/src/controlador/Konexioa.java</file>
        </group>
    </open-files>
</project-private>
